epsilon,delta,sensitivity,dp_seed,split,metric,k,value
0.5,1e-05,1.0,2026,train,cosine_mean,,0.008272826759138157
0.5,1e-05,1.0,2026,train,cosine_std,,0.04739572924079547
0.5,1e-05,1.0,2026,train,cosine_min,,-0.1432290413596526
0.5,1e-05,1.0,2026,train,cosine_max,,0.10834801870236731
0.5,1e-05,1.0,2026,train,l2_distance_mean,,137.51517444144838
0.5,1e-05,1.0,2026,train,l2_distance_std,,5.323671966568135
0.5,1e-05,1.0,2026,train,l2_distance_min,,126.95888447457983
0.5,1e-05,1.0,2026,train,l2_distance_max,,153.52503380746265
0.5,1e-05,1.0,2026,train,absolute_delta_mean,,5.593242146935449
0.5,1e-05,1.0,2026,train,absolute_delta_std,,4.246803737627415
0.5,1e-05,1.0,2026,train,absolute_delta_min,,0.00010279566049575806
0.5,1e-05,1.0,2026,train,absolute_delta_max,,29.316216056235135
0.5,1e-05,1.0,2026,train,original_norm_mean,,0.43547167974391526
0.5,1e-05,1.0,2026,train,original_norm_std,,0.05032881173774303
0.5,1e-05,1.0,2026,train,original_norm_min,,0.3358296564388482
0.5,1e-05,1.0,2026,train,original_norm_max,,0.608395872683312
0.5,1e-05,1.0,2026,train,private_norm_mean,,137.51819843512328
0.5,1e-05,1.0,2026,train,private_norm_std,,5.321738051617065
0.5,1e-05,1.0,2026,train,private_norm_min,,126.94716700243931
0.5,1e-05,1.0,2026,train,private_norm_max,,153.5343885615472
0.5,1e-05,1.0,2026,train,relative_l2_distance_mean,,319.94008747274773
0.5,1e-05,1.0,2026,train,relative_l2_distance_std,,38.48836934373483
0.5,1e-05,1.0,2026,train,relative_l2_distance_min,,234.74753832192042
0.5,1e-05,1.0,2026,train,relative_l2_distance_max,,404.6430500098364
0.5,1e-05,1.0,2026,train,private_to_original_norm_ratio_mean,,319.9467780010962
0.5,1e-05,1.0,2026,train,private_to_original_norm_ratio_std,,38.484932999346775
0.5,1e-05,1.0,2026,train,private_to_original_norm_ratio_min,,234.82319981923075
0.5,1e-05,1.0,2026,train,private_to_original_norm_ratio_max,,404.6986258522868
0.5,1e-05,1.0,2026,train,neighbor_overlap,5,0.04078947368421053
0.5,1e-05,1.0,2026,train,neighbor_overlap,10,0.0769736842105263
0.5,1e-05,1.0,2026,train,neighbor_overlap,20,0.13322368421052633
0.5,1e-05,1.0,2026,test,cosine_mean,,0.01246062316421421
0.5,1e-05,1.0,2026,test,cosine_std,,0.05531672032934711
0.5,1e-05,1.0,2026,test,cosine_min,,-0.11568357473714146
0.5,1e-05,1.0,2026,test,cosine_max,,0.19255483331926637
0.5,1e-05,1.0,2026,test,l2_distance_mean,,137.52161629783245
0.5,1e-05,1.0,2026,test,l2_distance_std,,4.749020363740768
0.5,1e-05,1.0,2026,test,l2_distance_min,,126.19885494527962
0.5,1e-05,1.0,2026,test,l2_distance_max,,147.95819981185966
0.5,1e-05,1.0,2026,test,absolute_delta_mean,,5.594390935216038
0.5,1e-05,1.0,2026,test,absolute_delta_std,,4.24405820191256
0.5,1e-05,1.0,2026,test,absolute_delta_min,,0.00011917483061552048
0.5,1e-05,1.0,2026,test,absolute_delta_max,,29.41294218756957
0.5,1e-05,1.0,2026,test,original_norm_mean,,0.44208744484978685
0.5,1e-05,1.0,2026,test,original_norm_std,,0.07041193634569161
0.5,1e-05,1.0,2026,test,original_norm_min,,0.33330873483128737
0.5,1e-05,1.0,2026,test,original_norm_max,,0.8765038329515334
0.5,1e-05,1.0,2026,test,private_norm_mean,,137.52661591780404
0.5,1e-05,1.0,2026,test,private_norm_std,,4.750162812467755
0.5,1e-05,1.0,2026,test,private_norm_min,,126.22012249469282
0.5,1e-05,1.0,2026,test,private_norm_max,,147.95006489607528
0.5,1e-05,1.0,2026,test,relative_l2_distance_mean,,317.3454783592027
0.5,1e-05,1.0,2026,test,relative_l2_distance_std,,42.341855466268385
0.5,1e-05,1.0,2026,test,relative_l2_distance_min,,148.8494696899253
0.5,1e-05,1.0,2026,test,relative_l2_distance_max,,438.0358956823705
0.5,1e-05,1.0,2026,test,private_to_original_norm_ratio_mean,,317.3563350453801
0.5,1e-05,1.0,2026,test,private_to_original_norm_ratio_std,,42.34098422764661
0.5,1e-05,1.0,2026,test,private_to_original_norm_ratio_min,,148.91764414370186
0.5,1e-05,1.0,2026,test,private_to_original_norm_ratio_max,,438.1226048659891
0.5,1e-05,1.0,2026,test,neighbor_overlap,5,0.04507042253521127
0.5,1e-05,1.0,2026,test,neighbor_overlap,10,0.0619718309859155
0.5,1e-05,1.0,2026,test,neighbor_overlap,20,0.14014084507042254
1.0,1e-05,1.0,2026,train,cosine_mean,,0.011072947885145372
1.0,1e-05,1.0,2026,train,cosine_std,,0.04742154196497808
1.0,1e-05,1.0,2026,train,cosine_min,,-0.14081363388574492
1.0,1e-05,1.0,2026,train,cosine_max,,0.11123920115870282
1.0,1e-05,1.0,2026,train,l2_distance_mean,,72.95664182133476
1.0,1e-05,1.0,2026,train,l2_distance_std,,2.824395387053867
1.0,1e-05,1.0,2026,train,l2_distance_min,,67.35615826828433
1.0,1e-05,1.0,2026,train,l2_distance_max,,81.45043579793949
1.0,1e-05,1.0,2026,train,absolute_delta_mean,,2.9674118916069006
1.0,1e-05,1.0,2026,train,absolute_delta_std,,2.2530789088675216
1.0,1e-05,1.0,2026,train,absolute_delta_min,,5.453638732433319e-05
1.0,1e-05,1.0,2026,train,absolute_delta_max,,15.553285186178982
1.0,1e-05,1.0,2026,train,original_norm_mean,,0.43547167974391526
1.0,1e-05,1.0,2026,train,original_norm_std,,0.05032881173774303
1.0,1e-05,1.0,2026,train,original_norm_min,,0.3358296564388482
1.0,1e-05,1.0,2026,train,original_norm_max,,0.608395872683312
1.0,1e-05,1.0,2026,train,private_norm_mean,,72.96028373174578
1.0,1e-05,1.0,2026,train,private_norm_std,,2.8224692580414565
1.0,1e-05,1.0,2026,train,private_norm_min,,67.34497651350544
1.0,1e-05,1.0,2026,train,private_norm_max,,81.4602841346878
1.0,1e-05,1.0,2026,train,relative_l2_distance_mean,,169.73948118763462
1.0,1e-05,1.0,2026,train,relative_l2_distance_std,,20.419434994129283
1.0,1e-05,1.0,2026,train,relative_l2_distance_min,,124.54183475091516
1.0,1e-05,1.0,2026,train,relative_l2_distance_max,,214.67738412845605
1.0,1e-05,1.0,2026,train,private_to_original_norm_ratio_mean,,169.74757183841294
1.0,1e-05,1.0,2026,train,private_to_original_norm_ratio_std,,20.41585428741089
1.0,1e-05,1.0,2026,train,private_to_original_norm_ratio_min,,124.61936907320366
1.0,1e-05,1.0,2026,train,private_to_original_norm_ratio_max,,214.73404972577924
1.0,1e-05,1.0,2026,train,neighbor_overlap,5,0.04078947368421053
1.0,1e-05,1.0,2026,train,neighbor_overlap,10,0.07763157894736841
1.0,1e-05,1.0,2026,train,neighbor_overlap,20,0.13223684210526315
1.0,1e-05,1.0,2026,test,cosine_mean,,0.015298934603295193
1.0,1e-05,1.0,2026,test,cosine_std,,0.055332944548418195
1.0,1e-05,1.0,2026,test,cosine_min,,-0.11335006244989841
1.0,1e-05,1.0,2026,test,cosine_max,,0.195376546043947
1.0,1e-05,1.0,2026,test,l2_distance_mean,,72.9600594195985
1.0,1e-05,1.0,2026,test,l2_distance_std,,2.5195224741068
1.0,1e-05,1.0,2026,test,l2_distance_min,,66.95293587305713
1.0,1e-05,1.0,2026,test,l2_distance_max,,78.4970344738342
1.0,1e-05,1.0,2026,test,absolute_delta_mean,,2.9680213634159704
1.0,1e-05,1.0,2026,test,absolute_delta_std,,2.251622303768886
1.0,1e-05,1.0,2026,test,absolute_delta_min,,6.322655826807022e-05
1.0,1e-05,1.0,2026,test,absolute_delta_max,,15.604601161263417
1.0,1e-05,1.0,2026,test,original_norm_mean,,0.44208744484978685
1.0,1e-05,1.0,2026,test,original_norm_std,,0.07041193634569161
1.0,1e-05,1.0,2026,test,original_norm_min,,0.33330873483128737
1.0,1e-05,1.0,2026,test,original_norm_max,,0.8765038329515334
1.0,1e-05,1.0,2026,test,private_norm_mean,,72.96570246623008
1.0,1e-05,1.0,2026,test,private_norm_std,,2.52069909214188
1.0,1e-05,1.0,2026,test,private_norm_min,,66.97479625045719
1.0,1e-05,1.0,2026,test,private_norm_max,,78.48953660853464
1.0,1e-05,1.0,2026,test,relative_l2_distance_mean,,168.36294962655452
1.0,1e-05,1.0,2026,test,relative_l2_distance_std,,22.46384510283081
1.0,1e-05,1.0,2026,test,relative_l2_distance_min,,78.96988458614821
1.0,1e-05,1.0,2026,test,relative_l2_distance_max,,232.39346502591977
1.0,1e-05,1.0,2026,test,private_to_original_norm_ratio_mean,,168.37522556307732
1.0,1e-05,1.0,2026,test,private_to_original_norm_ratio_std,,22.462784172897802
1.0,1e-05,1.0,2026,test,private_to_original_norm_ratio_min,,79.04101504624028
1.0,1e-05,1.0,2026,test,private_to_original_norm_ratio_max,,232.48117630468653
1.0,1e-05,1.0,2026,test,neighbor_overlap,5,0.04507042253521127
1.0,1e-05,1.0,2026,test,neighbor_overlap,10,0.06338028169014084
1.0,1e-05,1.0,2026,test,neighbor_overlap,20,0.14014084507042254
10.0,1e-05,1.0,2026,train,cosine_mean,,0.04956237509175916
10.0,1e-05,1.0,2026,train,cosine_std,,0.04790863739216226
10.0,1e-05,1.0,2026,train,cosine_min,,-0.10732340158032112
10.0,1e-05,1.0,2026,train,cosine_max,,0.15246431030425858
10.0,1e-05,1.0,2026,train,l2_distance_mean,,9.775876730951381
10.0,1e-05,1.0,2026,train,l2_distance_std,,0.3784568535466031
10.0,1e-05,1.0,2026,train,l2_distance_min,,9.02543599400701
10.0,1e-05,1.0,2026,train,l2_distance_max,,10.914008655560545
10.0,1e-05,1.0,2026,train,absolute_delta_mean,,0.3976204515845878
10.0,1e-05,1.0,2026,train,absolute_delta_std,,0.3019028990632522
10.0,1e-05,1.0,2026,train,absolute_delta_min,,7.3071569204330444e-06
10.0,1e-05,1.0,2026,train,absolute_delta_max,,2.0840733693912625
10.0,1e-05,1.0,2026,train,original_norm_mean,,0.43547167974391526
10.0,1e-05,1.0,2026,train,original_norm_std,,0.05032881173774303
10.0,1e-05,1.0,2026,train,original_norm_min,,0.3358296564388482
10.0,1e-05,1.0,2026,train,original_norm_max,,0.608395872683312
10.0,1e-05,1.0,2026,train,private_norm_mean,,9.788017974579194
10.0,1e-05,1.0,2026,train,private_norm_std,,0.37665432578980046
10.0,1e-05,1.0,2026,train,private_norm_min,,9.021634691175635
10.0,1e-05,1.0,2026,train,private_norm_max,,10.93064413019031
10.0,1e-05,1.0,2026,train,relative_l2_distance_mean,,22.744361624169944
10.0,1e-05,1.0,2026,train,relative_l2_distance_std,,2.73611660859974
10.0,1e-05,1.0,2026,train,relative_l2_distance_min,,16.688071031607954
10.0,1e-05,1.0,2026,train,relative_l2_distance_max,,28.76584771706989
10.0,1e-05,1.0,2026,train,private_to_original_norm_ratio_mean,,22.771711300925595
10.0,1e-05,1.0,2026,train,private_to_original_norm_ratio_std,,2.7305563354292754
10.0,1e-05,1.0,2026,train,private_to_original_norm_ratio_min,,16.791257282064
10.0,1e-05,1.0,2026,train,private_to_original_norm_ratio_max,,28.837484243232236
10.0,1e-05,1.0,2026,train,neighbor_overlap,5,0.039473684210526314
10.0,1e-05,1.0,2026,train,neighbor_overlap,10,0.0769736842105263
10.0,1e-05,1.0,2026,train,neighbor_overlap,20,0.13421052631578947
10.0,1e-05,1.0,2026,test,cosine_mean,,0.05429897026706789
10.0,1e-05,1.0,2026,test,cosine_std,,0.05579720412645356
10.0,1e-05,1.0,2026,test,cosine_min,,-0.08105086838610884
10.0,1e-05,1.0,2026,test,cosine_max,,0.2337050013222801
10.0,1e-05,1.0,2026,test,l2_distance_mean,,9.776334674719616
10.0,1e-05,1.0,2026,test,l2_distance_std,,0.3376051919702706
10.0,1e-05,1.0,2026,test,l2_distance_min,,8.971405942099945
10.0,1e-05,1.0,2026,test,l2_distance_max,,10.518265567898146
10.0,1e-05,1.0,2026,test,absolute_delta_mean,,0.3977021180738726
10.0,1e-05,1.0,2026,test,absolute_delta_std,,0.30170772041000066
10.0,1e-05,1.0,2026,test,absolute_delta_min,,8.472241461277008e-06
10.0,1e-05,1.0,2026,test,absolute_delta_max,,2.090949551842641
10.0,1e-05,1.0,2026,test,original_norm_mean,,0.44208744484978685
10.0,1e-05,1.0,2026,test,original_norm_std,,0.07041193634569161
10.0,1e-05,1.0,2026,test,original_norm_min,,0.33330873483128737
10.0,1e-05,1.0,2026,test,original_norm_max,,0.8765038329515334
10.0,1e-05,1.0,2026,test,private_norm_mean,,9.790825054260283
10.0,1e-05,1.0,2026,test,private_norm_std,,0.3392989254600963
10.0,1e-05,1.0,2026,test,private_norm_min,,9.001405409879837
10.0,1e-05,1.0,2026,test,private_norm_max,,10.541198164598178
10.0,1e-05,1.0,2026,test,relative_l2_distance_mean,,22.559912306820557
10.0,1e-05,1.0,2026,test,relative_l2_distance_std,,3.0100587878644336
10.0,1e-05,1.0,2026,test,relative_l2_distance_min,,10.581625439630153
10.0,1e-05,1.0,2026,test,relative_l2_distance_max,,31.13972630610328
10.0,1e-05,1.0,2026,test,private_to_original_norm_ratio_mean,,22.59170584467916
10.0,1e-05,1.0,2026,test,private_to_original_norm_ratio_std,,3.0064015103520965
10.0,1e-05,1.0,2026,test,private_to_original_norm_ratio_min,,10.693120730968717
10.0,1e-05,1.0,2026,test,private_to_original_norm_ratio_max,,31.24119396392186
10.0,1e-05,1.0,2026,test,neighbor_overlap,5,0.04507042253521127
10.0,1e-05,1.0,2026,test,neighbor_overlap,10,0.0647887323943662
10.0,1e-05,1.0,2026,test,neighbor_overlap,20,0.14190140845070423
100.0,1e-05,1.0,2026,train,cosine_mean,,0.2321046920086024
100.0,1e-05,1.0,2026,train,cosine_std,,0.05253273082752673
100.0,1e-05,1.0,2026,train,cosine_min,,0.0602741809955267
100.0,1e-05,1.0,2026,train,cosine_max,,0.36279022425695073
100.0,1e-05,1.0,2026,train,l2_distance_mean,,1.8613625319305422
100.0,1e-05,1.0,2026,train,l2_distance_std,,0.07205956370804421
100.0,1e-05,1.0,2026,train,l2_distance_min,,1.7184758846300254
100.0,1e-05,1.0,2026,train,l2_distance_max,,2.078066999630655
100.0,1e-05,1.0,2026,train,absolute_delta_mean,,0.07570838204462109
100.0,1e-05,1.0,2026,train,absolute_delta_std,,0.05748341148984086
100.0,1e-05,1.0,2026,train,absolute_delta_min,,1.391395926475525e-06
100.0,1e-05,1.0,2026,train,absolute_delta_max,,0.3968151556327939
100.0,1e-05,1.0,2026,train,original_norm_mean,,0.43547167974391526
100.0,1e-05,1.0,2026,train,original_norm_std,,0.05032881173774303
100.0,1e-05,1.0,2026,train,original_norm_min,,0.3358296564388482
100.0,1e-05,1.0,2026,train,original_norm_max,,0.608395872683312
100.0,1e-05,1.0,2026,train,private_norm_mean,,1.9144779735556423
100.0,1e-05,1.0,2026,train,private_norm_std,,0.07199681175787083
100.0,1e-05,1.0,2026,train,private_norm_min,,1.7506116166849768
100.0,1e-05,1.0,2026,train,private_norm_max,,2.1275104941219936
100.0,1e-05,1.0,2026,train,relative_l2_distance_mean,,4.330609285223354
100.0,1e-05,1.0,2026,train,relative_l2_distance_std,,0.5209665691139886
100.0,1e-05,1.0,2026,train,relative_l2_distance_min,,3.1774694923392617
100.0,1e-05,1.0,2026,train,relative_l2_distance_max,,5.47712217027597
100.0,1e-05,1.0,2026,train,private_to_original_norm_ratio_mean,,4.450852641574616
100.0,1e-05,1.0,2026,train,private_to_original_norm_ratio_std,,0.5062869470725342
100.0,1e-05,1.0,2026,train,private_to_original_norm_ratio_min,,3.40054089236043
100.0,1e-05,1.0,2026,train,private_to_original_norm_ratio_max,,5.6208686778130765
100.0,1e-05,1.0,2026,train,neighbor_overlap,5,0.06447368421052632
100.0,1e-05,1.0,2026,train,neighbor_overlap,10,0.10526315789473684
100.0,1e-05,1.0,2026,train,neighbor_overlap,20,0.1723684210526316
100.0,1e-05,1.0,2026,test,cosine_mean,,0.23863089257349415
100.0,1e-05,1.0,2026,test,cosine_std,,0.061614517554739685
100.0,1e-05,1.0,2026,test,cosine_min,,0.07931346949528387
100.0,1e-05,1.0,2026,test,cosine_max,,0.49015933317687344
100.0,1e-05,1.0,2026,test,l2_distance_mean,,1.8614497259247635
100.0,1e-05,1.0,2026,test,l2_distance_std,,0.06428125908241908
100.0,1e-05,1.0,2026,test,l2_distance_min,,1.7081883559015516
100.0,1e-05,1.0,2026,test,l2_distance_max,,2.0027160725222073
100.0,1e-05,1.0,2026,test,absolute_delta_mean,,0.07572393165583177
100.0,1e-05,1.0,2026,test,absolute_delta_std,,0.057446248731931465
100.0,1e-05,1.0,2026,test,absolute_delta_min,,1.6130506992340088e-06
100.0,1e-05,1.0,2026,test,absolute_delta_max,,0.3981244132737629
100.0,1e-05,1.0,2026,test,original_norm_mean,,0.44208744484978685
100.0,1e-05,1.0,2026,test,original_norm_std,,0.07041193634569161
100.0,1e-05,1.0,2026,test,original_norm_min,,0.33330873483128737
100.0,1e-05,1.0,2026,test,original_norm_max,,0.8765038329515334
100.0,1e-05,1.0,2026,test,private_norm_mean,,1.91845553914251
100.0,1e-05,1.0,2026,test,private_norm_std,,0.0714313005083243
100.0,1e-05,1.0,2026,test,private_norm_min,,1.7475801140419414
100.0,1e-05,1.0,2026,test,private_norm_max,,2.094994089576008
100.0,1e-05,1.0,2026,test,relative_l2_distance_mean,,4.295489462682667
100.0,1e-05,1.0,2026,test,relative_l2_distance_std,,0.5731261550141785
100.0,1e-05,1.0,2026,test,relative_l2_distance_min,,2.014780025596871
100.0,1e-05,1.0,2026,test,relative_l2_distance_max,,5.929117306363708
100.0,1e-05,1.0,2026,test,private_to_original_norm_ratio_mean,,4.421232883974208
100.0,1e-05,1.0,2026,test,private_to_original_norm_ratio_std,,0.5577991758512594
100.0,1e-05,1.0,2026,test,private_to_original_norm_ratio_min,,2.306637993509696
100.0,1e-05,1.0,2026,test,private_to_original_norm_ratio_max,,6.096656130486359
100.0,1e-05,1.0,2026,test,neighbor_overlap,5,0.06619718309859156
100.0,1e-05,1.0,2026,test,neighbor_overlap,10,0.09859154929577464
100.0,1e-05,1.0,2026,test,neighbor_overlap,20,0.17922535211267604
20.0,1e-05,1.0,2026,train,cosine_mean,,0.08154911864239628
20.0,1e-05,1.0,2026,train,cosine_std,,0.04848767247157652
20.0,1e-05,1.0,2026,train,cosine_min,,-0.07905570736435931
20.0,1e-05,1.0,2026,train,cosine_max,,0.1880941884610031
20.0,1e-05,1.0,2026,train,l2_distance_mean,,5.672057157334813
20.0,1e-05,1.0,2026,train,l2_distance_std,,0.21958428596468985
20.0,1e-05,1.0,2026,train,l2_distance_min,,5.236644271436325
20.0,1e-05,1.0,2026,train,l2_distance_max,,6.332412188237527
20.0,1e-05,1.0,2026,train,absolute_delta_mean,,0.23070318808639395
20.0,1e-05,1.0,2026,train,absolute_delta_std,,0.17516694888761433
20.0,1e-05,1.0,2026,train,absolute_delta_min,,4.239380359649658e-06
20.0,1e-05,1.0,2026,train,absolute_delta_max,,1.2091992544010282
20.0,1e-05,1.0,2026,train,original_norm_mean,,0.43547167974391526
20.0,1e-05,1.0,2026,train,original_norm_std,,0.05032881173774303
20.0,1e-05,1.0,2026,train,original_norm_min,,0.3358296564388482
20.0,1e-05,1.0,2026,train,original_norm_max,,0.608395872683312
20.0,1e-05,1.0,2026,train,private_norm_mean,,5.691279120723035
20.0,1e-05,1.0,2026,train,private_norm_std,,0.21792111258964317
20.0,1e-05,1.0,2026,train,private_norm_min,,5.239009228976458
20.0,1e-05,1.0,2026,train,private_norm_max,,6.354701617622847
20.0,1e-05,1.0,2026,train,relative_l2_distance_mean,,13.196496098665731
20.0,1e-05,1.0,2026,train,relative_l2_distance_std,,1.5875210210212194
20.0,1e-05,1.0,2026,train,relative_l2_distance_min,,9.682578413441089
20.0,1e-05,1.0,2026,train,relative_l2_distance_max,,16.690219891371328
20.0,1e-05,1.0,2026,train,private_to_original_norm_ratio_mean,,13.239891736181876
20.0,1e-05,1.0,2026,train,private_to_original_norm_ratio_std,,1.5803250217842455
20.0,1e-05,1.0,2026,train,private_to_original_norm_ratio_min,,9.806962365768914
20.0,1e-05,1.0,2026,train,private_to_original_norm_ratio_max,,16.77430971878912
20.0,1e-05,1.0,2026,train,neighbor_overlap,5,0.043421052631578944
20.0,1e-05,1.0,2026,train,neighbor_overlap,10,0.07894736842105263
20.0,1e-05,1.0,2026,train,neighbor_overlap,20,0.13782894736842105
20.0,1e-05,1.0,2026,test,cosine_mean,,0.08668404012607067
20.0,1e-05,1.0,2026,test,cosine_std,,0.05649126419758829
20.0,1e-05,1.0,2026,test,cosine_min,,-0.053864522221862304
20.0,1e-05,1.0,2026,test,cosine_max,,0.2649204306377268
20.0,1e-05,1.0,2026,test,l2_distance_mean,,5.672322859673175
20.0,1e-05,1.0,2026,test,l2_distance_std,,0.1958817630886172
20.0,1e-05,1.0,2026,test,l2_distance_min,,5.205295505055376
20.0,1e-05,1.0,2026,test,l2_distance_max,,6.102798249287967
20.0,1e-05,1.0,2026,test,absolute_delta_mean,,0.23075057178096567
20.0,1e-05,1.0,2026,test,absolute_delta_std,,0.17505370426419334
20.0,1e-05,1.0,2026,test,absolute_delta_min,,4.915520548820496e-06
20.0,1e-05,1.0,2026,test,absolute_delta_max,,1.213188903115224
20.0,1e-05,1.0,2026,test,original_norm_mean,,0.44208744484978685
20.0,1e-05,1.0,2026,test,original_norm_std,,0.07041193634569161
20.0,1e-05,1.0,2026,test,original_norm_min,,0.33330873483128737
20.0,1e-05,1.0,2026,test,original_norm_max,,0.8765038329515334
20.0,1e-05,1.0,2026,test,private_norm_mean,,5.6941785516494905
20.0,1e-05,1.0,2026,test,private_norm_std,,0.1981106144463848
20.0,1e-05,1.0,2026,test,private_norm_min,,5.242054175620177
20.0,1e-05,1.0,2026,test,private_norm_max,,6.140251110329508
20.0,1e-05,1.0,2026,test,relative_l2_distance_mean,,13.089476838372454
20.0,1e-05,1.0,2026,test,relative_l2_distance_std,,1.7464648928199908
20.0,1e-05,1.0,2026,test,relative_l2_distance_min,,6.139560261999745
20.0,1e-05,1.0,2026,test,relative_l2_distance_max,,18.067567086428618
20.0,1e-05,1.0,2026,test,private_to_original_norm_ratio_mean,,13.137523877481183
20.0,1e-05,1.0,2026,test,private_to_original_norm_ratio_std,,1.7406727228041001
20.0,1e-05,1.0,2026,test,private_to_original_norm_ratio_min,,6.2841282194901895
20.0,1e-05,1.0,2026,test,private_to_original_norm_ratio_max,,18.180464567303336
20.0,1e-05,1.0,2026,test,neighbor_overlap,5,0.04647887323943662
20.0,1e-05,1.0,2026,test,neighbor_overlap,10,0.06760563380281691
20.0,1e-05,1.0,2026,test,neighbor_overlap,20,0.14471830985915496
5.0,1e-05,1.0,2026,train,cosine_mean,,0.030046540184740022
5.0,1e-05,1.0,2026,train,cosine_std,,0.04763136811300167
5.0,1e-05,1.0,2026,train,cosine_min,,-0.12437299935164406
5.0,1e-05,1.0,2026,train,cosine_max,,0.13095981911556986
5.0,1e-05,1.0,2026,train,l2_distance_mean,,17.441473701399673
5.0,1e-05,1.0,2026,train,l2_distance_std,,0.6752177299019786
5.0,1e-05,1.0,2026,train,l2_distance_min,,16.102586914483734
5.0,1e-05,1.0,2026,train,l2_distance_max,,19.472053481493177
5.0,1e-05,1.0,2026,train,absolute_delta_mean,,0.7094081523280971
5.0,1e-05,1.0,2026,train,absolute_delta_std,,0.5386352160422964
5.0,1e-05,1.0,2026,train,absolute_delta_min,,1.30385160446167e-05
5.0,1e-05,1.0,2026,train,absolute_delta_max,,3.7182660745456815
5.0,1e-05,1.0,2026,train,original_norm_mean,,0.43547167974391526
5.0,1e-05,1.0,2026,train,original_norm_std,,0.05032881173774303
5.0,1e-05,1.0,2026,train,original_norm_min,,0.3358296564388482
5.0,1e-05,1.0,2026,train,original_norm_max,,0.608395872683312
5.0,1e-05,1.0,2026,train,private_norm_mean,,17.449303634960238
5.0,1e-05,1.0,2026,train,private_norm_std,,0.6733480328839271
5.0,1e-05,1.0,2026,train,private_norm_min,,16.09503907012735
5.0,1e-05,1.0,2026,train,private_norm_max,,19.48524650797809
5.0,1e-05,1.0,2026,train,relative_l2_distance_mean,,40.57898805963419
5.0,1e-05,1.0,2026,train,relative_l2_distance_std,,4.8815985848829415
5.0,1e-05,1.0,2026,train,relative_l2_distance_min,,29.773754318138387
5.0,1e-05,1.0,2026,train,relative_l2_distance_max,,51.32212594261367
5.0,1e-05,1.0,2026,train,private_to_original_norm_ratio_mean,,40.59656837546358
5.0,1e-05,1.0,2026,train,private_to_original_norm_ratio_std,,4.877040798072814
5.0,1e-05,1.0,2026,train,private_to_original_norm_ratio_min,,29.863954740423758
5.0,1e-05,1.0,2026,train,private_to_original_norm_ratio_max,,51.38617236471393
5.0,1e-05,1.0,2026,train,neighbor_overlap,5,0.04078947368421053
5.0,1e-05,1.0,2026,train,neighbor_overlap,10,0.07763157894736841
5.0,1e-05,1.0,2026,train,neighbor_overlap,20,0.1328947368421053
5.0,1e-05,1.0,2026,test,cosine_mean,,0.03452786175594378
5.0,1e-05,1.0,2026,test,cosine_std,,0.05550690727756705
5.0,1e-05,1.0,2026,test,cosine_min,,-0.09748138799186645
5.0,1e-05,1.0,2026,test,cosine_max,,0.2143768925002192
5.0,1e-05,1.0,2026,test,l2_distance_mean,,17.442290734775064
5.0,1e-05,1.0,2026,test,l2_distance_std,,0.6023328931450883
5.0,1e-05,1.0,2026,test,l2_distance_min,,16.0061900024617
5.0,1e-05,1.0,2026,test,l2_distance_max,,18.7659947661996
5.0,1e-05,1.0,2026,test,absolute_delta_mean,,0.7095538564005051
5.0,1e-05,1.0,2026,test,absolute_delta_std,,0.53828699105448
5.0,1e-05,1.0,2026,test,absolute_delta_min,,1.5115365386009216e-05
5.0,1e-05,1.0,2026,test,absolute_delta_max,,3.730534093163442
5.0,1e-05,1.0,2026,test,original_norm_mean,,0.44208744484978685
5.0,1e-05,1.0,2026,test,original_norm_std,,0.07041193634569161
5.0,1e-05,1.0,2026,test,original_norm_min,,0.33330873483128737
5.0,1e-05,1.0,2026,test,original_norm_max,,0.8765038329515334
5.0,1e-05,1.0,2026,test,private_norm_mean,,17.45229401328253
5.0,1e-05,1.0,2026,test,private_norm_std,,0.6037514624133812
5.0,1e-05,1.0,2026,test,private_norm_min,,16.032064417661324
5.0,1e-05,1.0,2026,test,private_norm_max,,18.775472927062687
5.0,1e-05,1.0,2026,test,relative_l2_distance_mean,,40.24990576780426
5.0,1e-05,1.0,2026,test,relative_l2_distance_std,,5.3703481243060125
5.0,1e-05,1.0,2026,test,relative_l2_distance_min,,18.879037345430735
5.0,1e-05,1.0,2026,test,relative_l2_distance_max,,55.55744352982438
5.0,1e-05,1.0,2026,test,private_to_original_norm_ratio_mean,,40.2717999074684
5.0,1e-05,1.0,2026,test,private_to_original_norm_ratio_std,,5.368004374115762
5.0,1e-05,1.0,2026,test,private_to_original_norm_ratio_min,,18.970132936218036
5.0,1e-05,1.0,2026,test,private_to_original_norm_ratio_max,,55.6519391738263
5.0,1e-05,1.0,2026,test,neighbor_overlap,5,0.04366197183098592
5.0,1e-05,1.0,2026,test,neighbor_overlap,10,0.0647887323943662
5.0,1e-05,1.0,2026,test,neighbor_overlap,20,0.1415492957746479
50.0,1e-05,1.0,2026,train,cosine_mean,,0.1503202370282757
50.0,1e-05,1.0,2026,train,cosine_std,,0.05015449594112935
50.0,1e-05,1.0,2026,train,cosine_min,,-0.016789185556115967
50.0,1e-05,1.0,2026,train,cosine_max,,0.26318066169282217
50.0,1e-05,1.0,2026,train,l2_distance_mean,,2.9600872330810257
50.0,1e-05,1.0,2026,train,l2_distance_std,,0.11459486903469598
50.0,1e-05,1.0,2026,train,l2_distance_min,,2.7328574871226308
50.0,1e-05,1.0,2026,train,l2_distance_max,,3.304707965077444
50.0,1e-05,1.0,2026,train,absolute_delta_mean,,0.12039751059992121
50.0,1e-05,1.0,2026,train,absolute_delta_std,,0.09141470804078161
50.0,1e-05,1.0,2026,train,absolute_delta_min,,2.212822437286377e-06
50.0,1e-05,1.0,2026,train,absolute_delta_max,,0.6310471342876554
50.0,1e-05,1.0,2026,train,original_norm_mean,,0.43547167974391526
50.0,1e-05,1.0,2026,train,original_norm_std,,0.05032881173774303
50.0,1e-05,1.0,2026,train,original_norm_min,,0.3358296564388482
50.0,1e-05,1.0,2026,train,original_norm_max,,0.608395872683312
50.0,1e-05,1.0,2026,train,private_norm_mean,,2.9946411212393347
50.0,1e-05,1.0,2026,train,private_norm_std,,0.11342232027862902
50.0,1e-05,1.0,2026,train,private_norm_min,,2.748634518619164
50.0,1e-05,1.0,2026,train,private_norm_max,,3.339253577171374
50.0,1e-05,1.0,2026,train,relative_l2_distance_mean,,6.886880463198766
50.0,1e-05,1.0,2026,train,relative_l2_distance_std,,0.8284826088705798
50.0,1e-05,1.0,2026,train,relative_l2_distance_min,,5.053065571080875
50.0,1e-05,1.0,2026,train,relative_l2_distance_max,,8.710156756367548
50.0,1e-05,1.0,2026,train,private_to_original_norm_ratio_mean,,6.965028437588186
50.0,1e-05,1.0,2026,train,private_to_original_norm_ratio_std,,0.8178143624397702
50.0,1e-05,1.0,2026,train,private_to_original_norm_ratio_min,,5.222711399946781
50.0,1e-05,1.0,2026,train,private_to_original_norm_ratio_max,,8.821197209577981
50.0,1e-05,1.0,2026,train,neighbor_overlap,5,0.04736842105263158
50.0,1e-05,1.0,2026,train,neighbor_overlap,10,0.0861842105263158
50.0,1e-05,1.0,2026,train,neighbor_overlap,20,0.1457236842105263
50.0,1e-05,1.0,2026,test,cosine_mean,,0.15620234341768557
50.0,1e-05,1.0,2026,test,cosine_std,,0.05864763681221148
50.0,1e-05,1.0,2026,test,cosine_min,,0.005803376668205943
50.0,1e-05,1.0,2026,test,cosine_max,,0.35336083419184966
50.0,1e-05,1.0,2026,test,l2_distance_mean,,2.9602258960746655
50.0,1e-05,1.0,2026,test,l2_distance_std,,0.10222518735444416
50.0,1e-05,1.0,2026,test,l2_distance_min,,2.716497440129023
50.0,1e-05,1.0,2026,test,l2_distance_max,,3.1848789076954365
50.0,1e-05,1.0,2026,test,absolute_delta_mean,,0.12042223882189805
50.0,1e-05,1.0,2026,test,absolute_delta_std,,0.09135560888089243
50.0,1e-05,1.0,2026,test,absolute_delta_min,,2.5653280317783356e-06
50.0,1e-05,1.0,2026,test,absolute_delta_max,,0.6331291959504597
50.0,1e-05,1.0,2026,test,original_norm_mean,,0.44208744484978685
50.0,1e-05,1.0,2026,test,original_norm_std,,0.07041193634569161
50.0,1e-05,1.0,2026,test,original_norm_min,,0.33330873483128737
50.0,1e-05,1.0,2026,test,original_norm_max,,0.8765038329515334
50.0,1e-05,1.0,2026,test,private_norm_mean,,2.9980066564267283
50.0,1e-05,1.0,2026,test,private_norm_std,,0.10612744132595513
50.0,1e-05,1.0,2026,test,private_norm_min,,2.755262589566106
50.0,1e-05,1.0,2026,test,private_norm_max,,3.248148824559419
50.0,1e-05,1.0,2026,test,relative_l2_distance_mean,,6.831030119623647
50.0,1e-05,1.0,2026,test,relative_l2_distance_std,,0.9114309466876275
50.0,1e-05,1.0,2026,test,relative_l2_distance_min,,3.2040639675056575
50.0,1e-05,1.0,2026,test,relative_l2_distance_max,,9.4289554837997
50.0,1e-05,1.0,2026,test,private_to_original_norm_ratio_mean,,6.914246666044493
50.0,1e-05,1.0,2026,test,private_to_original_norm_ratio_std,,0.9011578576700657
50.0,1e-05,1.0,2026,test,private_to_original_norm_ratio_min,,3.417816705469629
50.0,1e-05,1.0,2026,test,private_to_original_norm_ratio_max,,9.566555910215191
50.0,1e-05,1.0,2026,test,neighbor_overlap,5,0.04929577464788732
50.0,1e-05,1.0,2026,test,neighbor_overlap,10,0.07676056338028169
50.0,1e-05,1.0,2026,test,neighbor_overlap,20,0.15774647887323942
